{
    "intrinsic": [589.9421322083375, 0.0,               323.830691209651,
                  0.0,               589.0314402379594, 240.716451101392,
                  0.0,               0.0,               1.0             ],
    "distortion": [0.08908862963423921, -0.0927595079832754, 0.0, 0.0]
}